<?xml version="1.0" encoding="UTF-8"?>
<jcr:root xmlns:sling="http://sling.apache.org/jcr/sling/1.0" xmlns:cq="http://www.day.com/jcr/cq/1.0" xmlns:jcr="http://www.jcp.org/jcr/1.0" xmlns:nt="http://www.jcp.org/jcr/nt/1.0"
    jcr:primaryType="cq:Page">
    <jcr:content
        cq:cloudserviceconfigs="[[]]"
        cq:contextHubPath="/etc/cloudsettings/default/contexthub"
        cq:contextHubSegmentsPath="/etc/segmentation/contexthub"
        cq:lastModified="{Date}2017-05-03T08:59:46.940-05:00"
        cq:lastModifiedBy="admin"
        cq:template="/apps/multi-site-demo/hfl-peckers/templates/homepage"
        jcr:lastModified="{Date}2017-04-07T16:53:47.106-05:00"
        jcr:lastModifiedBy="admin"
        jcr:primaryType="cq:PageContent"
        jcr:title="English"
        sling:resourceType="multi-site-demo/hfl-core/components/page/homepage"
        pageTitle="Green Bay Peckers">
        <page-header
            jcr:lastModified="{Date}2017-04-07T16:52:55.631-05:00"
            jcr:lastModifiedBy="admin"
            jcr:primaryType="nt:unstructured"
            sling:resourceType="multi-site-demo/hfl-core/components/content/header"/>
        <shared-component-properties jcr:primaryType="nt:unstructured">
            <multi-site-demo jcr:primaryType="nt:unstructured">
                <hfl-core jcr:primaryType="nt:unstructured">
                    <components jcr:primaryType="nt:unstructured">
                        <content jcr:primaryType="nt:unstructured">
                            <header
                                jcr:lastModified="{Date}2017-04-07T16:53:04.132-05:00"
                                jcr:lastModifiedBy="admin"
                                jcr:primaryType="nt:unstructured"
                                sling:resourceType="multi-site-demo/hfl-core/components/content/header"
                                slogan="Go Peck Go!"/>
                            <schedule
                                jcr:lastModified="{Date}2017-04-29T12:55:08.980-05:00"
                                jcr:lastModifiedBy="admin"
                                jcr:primaryType="nt:unstructured"
                                sling:resourceType="multi-site-demo/hfl-core/components/content/schedule"
                                copyFilterAll="All Games"
                                copyFilterAway="Away"
                                copyFilterHome="Lambert Field"
                                copyLabelAway="Away"
                                copyLabelHome="Home"/>
                            <schedule-tout
                                jcr:lastModified="{Date}2017-05-03T08:59:46.938-05:00"
                                jcr:lastModifiedBy="admin"
                                jcr:primaryType="nt:unstructured"
                                sling:resourceType="multi-site-demo/hfl-core/components/content/schedule-tout"
                                ctaLabel="See Games"
                                message="Experience Lambert Field!"
                                path="/content/multi-site-demo/hfl-peckers/en/schedule"/>
                        </content>
                    </components>
                </hfl-core>
            </multi-site-demo>
        </shared-component-properties>
        <global-component-properties
            jcr:lastModified="{Date}2017-04-07T16:53:14.618-05:00"
            jcr:lastModifiedBy="admin"
            jcr:primaryType="nt:unstructured"
            sling:resourceType="multi-site-demo/hfl-core/components/content/header"
            logo="/content/dam/hfl/peckers/logo.png"/>
        <main-par
            jcr:primaryType="nt:unstructured"
            sling:resourceType="foundation/components/parsys">
            <trophy
                jcr:created="{Date}2017-04-29T12:51:22.071-05:00"
                jcr:createdBy="admin"
                jcr:lastModified="{Date}2017-04-29T12:51:32.321-05:00"
                jcr:lastModifiedBy="admin"
                jcr:primaryType="nt:unstructured"
                sling:resourceType="multi-site-demo/hfl-core/components/content/trophy"
                fileReference="/content/dam/hfl/peckers/trophy2.png"/>
            <title
                jcr:created="{Date}2017-04-07T16:53:19.985-05:00"
                jcr:createdBy="admin"
                jcr:lastModified="{Date}2017-04-07T16:54:12.003-05:00"
                jcr:lastModifiedBy="admin"
                jcr:primaryType="nt:unstructured"
                jcr:title="Welcome to the home of the Green Bay Peckers"
                sling:resourceType="foundation/components/title"/>
            <list
                jcr:created="{Date}2017-04-07T16:54:21.033-05:00"
                jcr:createdBy="admin"
                jcr:lastModified="{Date}2017-04-07T16:54:30.107-05:00"
                jcr:lastModifiedBy="admin"
                jcr:primaryType="nt:unstructured"
                sling:resourceType="foundation/components/list"
                displayAs="default"
                listFrom="children"
                tagsMatch="any"/>
        </main-par>
        <image
            jcr:lastModified="{Date}2017-04-07T16:53:47.106-05:00"
            jcr:lastModifiedBy="admin"
            jcr:primaryType="nt:unstructured"/>
    </jcr:content>
    <data/>
    <schedule/>
    <article-1/>
    <article-2/>
    <article-3/>
    <super-bawl-xlv/>
    <super-bawl-xxxii/>
</jcr:root>
