<?xml version="1.0" encoding="UTF-8"?>
<jcr:root xmlns:sling="http://sling.apache.org/jcr/sling/1.0" xmlns:cq="http://www.day.com/jcr/cq/1.0" xmlns:jcr="http://www.jcp.org/jcr/1.0" xmlns:nt="http://www.jcp.org/jcr/nt/1.0"
    jcr:primaryType="nt:unstructured">
    <content jcr:primaryType="nt:unstructured">
        <items jcr:primaryType="nt:unstructured">
            <tabs jcr:primaryType="nt:unstructured">
                <items jcr:primaryType="nt:unstructured">
                    <advanced jcr:primaryType="nt:unstructured">
                        <items jcr:primaryType="nt:unstructured">
                            <column jcr:primaryType="nt:unstructured">
                                <items jcr:primaryType="nt:unstructured">
                                    <section1 jcr:primaryType="nt:unstructured">
                                        <items jcr:primaryType="nt:unstructured">
                                            <redirectIsTemporary
                                                jcr:primaryType="nt:unstructured"
                                                sling:orderBefore="designs"
                                                sling:resourceType="granite/ui/components/foundation/form/checkbox"
                                                cq-msm-lockable="./redirectIsTemporary"
                                                fieldDescription="Check this box for when this page is redirecting to another page, but only for a short period of time. Search engines like Google will not follow a temporary redirect, so only use this option if you are certain."
                                                name="./redirectIsTemporary"
                                                text="Redirect is Temporary"
                                                value="true"/>
                                        </items>
                                    </section1>
                                </items>
                            </column>
                        </items>
                    </advanced>
                </items>
            </tabs>
        </items>
    </content>
</jcr:root>
