<?xml version="1.0" encoding="UTF-8"?>
<jcr:root xmlns:sling="http://sling.apache.org/jcr/sling/1.0" xmlns:cq="http://www.day.com/jcr/cq/1.0" xmlns:jcr="http://www.jcp.org/jcr/1.0" xmlns:nt="http://www.jcp.org/jcr/nt/1.0"
    jcr:primaryType="cq:Page">
    <jcr:content
        cq:cloudserviceconfigs="[[]]"
        cq:contextHubPath="/etc/cloudsettings/default/contexthub"
        cq:contextHubSegmentsPath="/etc/segmentation/contexthub"
        cq:lastModified="{Date}2018-05-15T01:00:35.651-05:00"
        cq:lastModifiedBy="admin"
        cq:template="/apps/multi-site-demo/hfl-boars/templates/homepage"
        jcr:lastModified="{Date}2017-04-07T17:11:30.665-05:00"
        jcr:lastModifiedBy="admin"
        jcr:primaryType="cq:PageContent"
        jcr:title="English"
        sling:resourceType="multi-site-demo/hfl-core/components/page/homepage"
        pageTitle="Chicago Boars">
        <page-header
            jcr:lastModified="{Date}2017-04-07T17:10:20.330-05:00"
            jcr:lastModifiedBy="admin"
            jcr:primaryType="nt:unstructured"
            sling:resourceType="multi-site-demo/hfl-core/components/content/header"/>
        <shared-component-properties jcr:primaryType="nt:unstructured">
            <multi-site-demo jcr:primaryType="nt:unstructured">
                <hfl-core jcr:primaryType="nt:unstructured">
                    <components jcr:primaryType="nt:unstructured">
                        <content jcr:primaryType="nt:unstructured">
                            <header
                                jcr:lastModified="{Date}2018-05-15T00:20:04.220-05:00"
                                jcr:lastModifiedBy="admin"
                                jcr:primaryType="nt:unstructured"
                                sling:resourceType="multi-site-demo/hfl-core/components/content/header"
                                slogan="At least there's the Cubs!"/>
                            <schedule
                                jcr:lastModified="{Date}2017-04-07T17:12:26.682-05:00"
                                jcr:lastModifiedBy="admin"
                                jcr:primaryType="nt:unstructured"
                                sling:resourceType="multi-site-demo/hfl-core/components/content/schedule"
                                copyFilterAll="All"
                                copyFilterAway="Away"
                                copyFilterHome="Home"
                                copyLabelAway="A"
                                copyLabelHome="H"/>
                            <schedule-tout
                                jcr:lastModified="{Date}2018-05-15T01:00:35.648-05:00"
                                jcr:lastModifiedBy="admin"
                                jcr:primaryType="nt:unstructured"
                                sling:resourceType="multi-site-demo/hfl-core/components/content/schedule-tout"
                                ctaLabel="View Schedule"
                                message="Actually want to watch?"
                                path="/content/multi-site-demo/hfl-boars/en/schedule"/>
                        </content>
                    </components>
                </hfl-core>
            </multi-site-demo>
        </shared-component-properties>
        <global-component-properties
            jcr:lastModified="{Date}2018-05-15T00:17:50.677-05:00"
            jcr:lastModifiedBy="admin"
            jcr:primaryType="nt:unstructured"
            sling:resourceType="multi-site-demo/hfl-core/components/content/header"
            logo="/content/dam/hfl/boars/logo.png"/>
        <main-par
            jcr:primaryType="nt:unstructured"
            sling:resourceType="wcm/foundation/components/responsivegrid">
            <title
                jcr:created="{Date}2017-04-07T17:11:20.519-05:00"
                jcr:createdBy="admin"
                jcr:lastModified="{Date}2017-04-07T17:11:48.402-05:00"
                jcr:lastModifiedBy="admin"
                jcr:primaryType="nt:unstructured"
                jcr:title="Welcome to the home of the Chicago Boars"
                sling:resourceType="multi-site-demo/hfl-core/components/content/title"/>
            <navigation
                jcr:created="{Date}2018-05-07T15:15:39.160-05:00"
                jcr:createdBy="admin"
                jcr:lastModified="{Date}2018-05-07T15:15:53.141-05:00"
                jcr:lastModifiedBy="admin"
                jcr:primaryType="nt:unstructured"
                sling:resourceType="multi-site-demo/hfl-core/components/content/navigation"
                collectAllPages="true"
                navigationRoot="/content/multi-site-demo/hfl-boars/en"
                skipNavigationRoot="true"/>
        </main-par>
        <image
            jcr:lastModified="{Date}2017-04-07T17:11:30.665-05:00"
            jcr:lastModifiedBy="admin"
            jcr:primaryType="nt:unstructured"/>
        <header
            jcr:lastModified="{Date}2018-05-15T00:17:43.971-05:00"
            jcr:lastModifiedBy="admin"
            jcr:primaryType="nt:unstructured"
            sling:resourceType="multi-site-demo/hfl-core/components/content/header"/>
    </jcr:content>
    <data/>
    <schedule/>
    <article-1/>
    <article-2/>
</jcr:root>
